4901004005700	アサヒスタイルフリー	stylefree
4901004006813	アサヒスーパードライ	asahisuperdry
4901004020062	アサヒドライブラック	superdryblack
4901004023162	アサヒアクアゼロ	aquazero
4901004025029	アサヒクリアアサヒ糖質0	clearasahizero
4901004025333	アサヒエクストラシャープ	asahiextrasharp
4901004027160	アサヒoff	asahioff
4901004030207	アサヒザ・ドリーム	asahithedream
4901004030320	アサヒクリスタルクリア	clearasahicrystal
4901004030948	アサヒスタイルフリーパーフェクト	stylefreeperfect
4901411002019	キリングリーンラベル淡麗	tanreigreenlabel70%off
4901411041483	キリン澄みきり	kirinsumikiri
4901411046822	キリン淡麗	tanreiplatinumdouble
4901411110912	キリンラガービール	lagerbeer
4901411175317	キリン一番搾り	kirinichibansibori
4901411512617	キリン淡麗極上（生）	tanreigokujonama
4901777230170	金麦糖質75％オフ	kinmugi75%off
4901777285743	プレミアムモルツ香るエール	premiummaltsalebeer
4901880851446	サッポロ黒ラベル	kuroraberu
4901880868000	シルクエビス	silkyebisu
4901880874841	WHITE BELG	whitebelg
4901880879686	サッポロ麦とホップ The gold	mugiandhopthegold
4901880879891	エビスビール	yebisu
