4543736228561	TOMICA LIMITED VINTAGE スズキフロンテSSS360	tomica suzuki furonteSSS360	LV-107
4543736229117	TOMICA LIMITED VINTAGE ニッサンキャブオール1900(前期型）	tomica nissan caball1900	LV-111
4543736229728	TOMICA LIMITED VINTAGE トヨペット マスターライン ライトバン	tomica toyopetto masutarline rightban	LV-90
4543736229797	TOMICA LIMITED VINTAGE ダットサン サニー1000	tomica dattosan sunny1000	LV-116
4543736229834	TOMICA LIMITED VINTAGE トヨペット クラウン オーナーデラックス	tomica toyopetto crawn ornerdeluxe	LV-118
4543736229971	TOMICA LIMITED VINTAGE フォルクスワーゲン ゴルフⅡCLi	tomica vorksworgen golfⅡCLi	LV-N71
4543736244776	TOMICA LIMITED VINTAGE ニッサン フェアレディ 260Z 2by2 パトロールカー	tomica nissan farelady 260Z 2by2	LV-N72
4904810222477	TOMICA LIMITED VINTAGE ポルシェ911S(1967年式)	tomica porsche911S	LV-86
4904810311249	カーズ・トミカ ラモーン（スタンダードタイプ）	cars tomica ramon	C-08
4904810314455	カーズ・トミカ グイド（スタンダードタイプ）	cars tomica guido	C-13
4904810333395	トミカ スズキ ワゴンR	tomica suzuki wagonR	58
4904810333784	トミカ トヨタ タウンエース	tomica toyota tawnace	97
4904810333814	トミカ トヨタ プリウス	tomica toyota prius	89
4904810347224	カーズ・トミカ フィルモア（スタンダードタイプ）	cars tomica firumore	C-14
4904810359319	トミカ 日産 フェアレディZ 40周年記念車	tomica nissan farelady 40anniversary	40
4904810359494	トミカ ヤンマートラクター エコトラEG300シリーズ	tomica yanmmer torakuta ecotoraEG300series	52
4904810359555	トミカ トヨタ ジェネオ ハイブリッド	tomica toyota geneo hybrid	70
4904810359791	トミカ トヨタ ランボルギーニ レヴェントン	tomica toyota LamborghiniReventón 	113
4904810395645	ロータスエキシージS	lotus exige S	50
4904810395652	メルセデスベンツ ウニモグ	mercedes-benz unimog	22
4904810408437	カーズ・トミカ フィン・マックミサイル（スタンダードタイプ）	cars tomica fin macmisairu	C-16
4904810410096	カーズ・トミカ プロフェッサー・ゼット（スタンダードタイプ）	cars tomica purofesser zet	C-22
4904810418931	カーズ・トミカ メーター（スタンダードタイプ）	cars tomica meter	C-04
4904810423096	トミカ スズキ MRワゴン（初回限定カラー）	tomica suzuki MRwagon	105
4904810436935	カーズ・トミカ カルラ・ヴェローゾ（スタンダードタイプ）	cars tomica karura verozo	C-29
4904810449973	カーズ・トミカ トンベ（スタンダードタイプ）	cars tomica tonbe	C-33
4904810455790	カーズ・トミカ ライトニング・マックィーン（TOON Tokyoカスタムタイプ）	cars tomica raitoningu makkuwin	C-34
4904810466024	カーズ・トミカ サージ(スタンダードタイプ）	cars tomica saji	C-33
4904810682424	トミカ ランボルギーニ ムルシエラゴ	tomica lamborghini murcielago	87
4904810742289	トミカ 日立建機 ゴムクローラキャリアEG110R	tomica hitachi construction machinery rubber crawler carrier EG110R	80
4904810742319	トミカ 日立建機 ホイールローダ ZW220	tomica hitachi construction machinery wheelloader ZW220	71
4904810742753	トミカ ハマーH2	tomica hummer H2	15
4904810744450	トミカ ミニクーパー	tomica mini cooper	43
4904810746829	トミカ 水族館トラック	tomica aquarium truck	69
4904810785712	トミカ ヤンマーコンバインAJ218	tomica yanmar combine AJ218	66
4904810793069	カーズ・トミカ ドッグ・ハドソン（スタンダードタイプ）	cars tomica dog hudson	C-06
4904810793076	カーズ・トミカ レッド（スタンダードタイプ）	cars tomica red	C-07
4904810824992	トミカ フォルクスワーゲン ポロ パトロールカー	tomica vorksworgen poro porice car	109
4904810825012	トミカ マツダ ロードスター	tomica mazda roadster	26
4944358250969	トミカ おもちゃ王国 バス	tomica toy's kingdom bus	
